{
  "tests": [
    {
      "name": "Test de Compilación",
      "setup": "",
      "run": "mvn clean compile",
      "input": "",
      "output": "",
      "comparison": "included",
      "timeout": 2,
      "points": 10
    },
    {
      "name": "Test: Crear Tarjeta Nueva",
      "setup": "mvn clean compile",
      "run": "mvn test -Dtest=TarjetaCreditoTest#testCrearTarjeta",
      "input": "",
      "output": "",
      "comparison": "included",
      "timeout": 2,
      "points": 5
    },
    {
      "name": "Test: Compra Nacional",
      "setup": "mvn clean compile",
      "run": "mvn test -Dtest=TarjetaCreditoTest#testCompraNacionalExitosa",
      "input": "",
      "output": "",
      "comparison": "included",
      "timeout": 2,
      "points": 5
    },
    {
      "name": "Test: Compra Nacional Rechazada",
      "setup": "mvn clean compile",
      "run": "mvn test -Dtest=TarjetaCreditoTest#testCompraNacionalRechazada",
      "input": "",
      "output": "",
      "comparison": "included",
      "timeout": 2,
      "points": 5
    },
    {
      "name": "Test: Compra Internacional con Recargo",
      "setup": "mvn clean compile",
      "run": "mvn test -Dtest=TarjetaCreditoTest#testCompraInternacional",
      "input": "",
      "output": "",
      "comparison": "included",
      "timeout": 2,
      "points": 5
    },
    {
      "name": "Test: Avance en Efectivo",
      "setup": "mvn clean compile",
      "run": "mvn test -Dtest=TarjetaCreditoTest#testAvanceEfectivo",
      "input": "",
      "output": "",
      "comparison": "included",
      "timeout": 2,
      "points": 5
    },
    {
      "name": "Test: Pago con Intereses",
      "setup": "mvn clean compile",
      "run": "mvn test -Dtest=TarjetaCreditoTest#testPagoConIntereses",
      "input": "",
      "output": "",
      "comparison": "included",
      "timeout": 2,
      "points": 10
    },
    {
      "name": "Test: Categorías de Cliente",
      "setup": "mvn clean compile",
      "run": "mvn test -Dtest=TarjetaCreditoTest#testCategoriaBasico,TarjetaCreditoTest#testCategoriaFrecuente,TarjetaCreditoTest#testCategoriaPremium",
      "input": "",
      "output": "",
      "comparison": "included",
      "timeout": 2,
      "points": 10
    },
    {
      "name": "Test: Estados de la Tarjeta",
      "setup": "mvn clean compile",
      "run": "mvn test -Dtest=TarjetaCreditoTest#testEstadoActiva,TarjetaCreditoTest#testEstadoAlerta,TarjetaCreditoTest#testEstadoBloqueada",
      "input": "",
      "output": "",
      "comparison": "included",
      "timeout": 2,
      "points": 10
    },
    {
      "name": "Test: Beneficio Frecuente",
      "setup": "mvn clean compile",
      "run": "mvn test -Dtest=TarjetaCreditoTest#testBeneficioFrecuente",
      "input": "",
      "output": "",
      "comparison": "included",
      "timeout": 2,
      "points": 10
    },
    {
      "name": "Test: Beneficio Premium",
      "setup": "mvn clean compile",
      "run": "mvn test -Dtest=TarjetaCreditoTest#testBeneficioPremium",
      "input": "",
      "output": "",
      "comparison": "included",
      "timeout": 2,
      "points": 10
    },
    {
      "name": "Test: Múltiples Transacciones",
      "setup": "mvn clean compile",
      "run": "mvn test -Dtest=TarjetaCreditoTest#testMultiplesTransacciones",
      "input": "",
      "output": "",
      "comparison": "included",
      "timeout": 2,
      "points": 5
    },
    {
      "name": "Test Suite Completo",
      "setup": "mvn clean compile",
      "run": "mvn test",
      "input": "",
      "output": "",
      "comparison": "included",
      "timeout": 10,
      "points": 10
    }
  ]
}